01	¿Y si tus clientes volvieran… solos?
02	Lucía entra en el Restaurante Pepito. Se sienta… y deja el móvil sobre la mesa.
03	En cada mesa hay una pequeña tag NFC. Basta un toque… y aparece la tarjeta de Pepito.
04	Un toque más en «Añadir a Wallet». Sin apps. Sin registros. Ya la lleva en el móvil.
05	Primer sello. Lucía come, paga… y se va.
06	Pasan los días…
07	Paco, el dueño, abre NFC Wallet. Escribe su promoción: dos por uno en cañas este viernes. Clic… y clic. Enviada a todos sus clientes.
08	Y en el bolsillo de Lucía… ahí está.
09	El viernes, Lucía vuelve. Y no viene sola. Toque, sello… y a disfrutar.
10	Y esto es solo el principio.
11	Tarjeta de fidelidad: cada visita, un sello. Al completarla, premio. Y el camarero lo canjea escaneando la tarjeta.
12	Tu logo, tus colores, tu carta. En Apple Wallet y en Google Wallet, siempre en el móvil de tus clientes.
13	¿Una promoción? Dos clics. Y llega a todos tus clientes, al instante.
14	Avisos cuando pasan cerca. Estadísticas por mesa. Todos tus locales en una sola cuenta. Y tags NFC imposibles de copiar.
15	NFC Wallet. Tus clientes vuelven solos. Pruébalo gratis catorce días en nfcwallet punto es.
